,city
0,Boca Raton
1,Gainesville
2,Valparaiso
3,Rockville
4,Lake Buena Vista
5,McLean
6,Powell
7,Dallas
8,Orlando
9,Daytona Beach
10,New York
11,Sarasota
12,Tampa
13,Tempe
14,Columbus
15,Plano
16,Chicago
17,Jersey City
18,Irvine
19,Newark
20,Maitland
21,Indianapolis
22,San Bernardino
23,Orlando
24,Largo
25,NYC
26,Colleyville
27,Wailea
28,Grapevine
29,Laguna Beach
30,Lake Buena Vista
31,Orlando
32,Boca Raton
33,Chicago
34,Lake Mary
35,Cape Canaveral
36,Palm Beach Gardens
37,Palm Desert
38,Plano
39,Plano
40,Columbus
41,East Rutherford
42,Vineland
43,Knoxville
44,Lakeland
45,Orlando
46,Fort Worth
47,Fernandina Beach
48,Tempe
49,NYC
50,Deerfield Beach
51,Rancho Cordova
52,Palo Alto
53,Binghamton
54,Coral Springs
55,Davie
56,Burbank
57,Orlando
58,Plano
59,New York
60,Irving
61,Los Angeles
62,Sioux Falls
63,Jacksonville
64,Orlando
66,Florence
67,Tampa
68,Kissimmee
69,O'Fallon
70,Denver
71,Brooklyn
72,Nephi
73,San Antonio
74,Chicago
75,Indian Land
76,Getzville
77,Orlando
78,Houston
79,Orlando
80,Biddeford
81,Melbourne
82,Houston
83,Robbinsville
84,Winter Garden
85,Washington
86,Norcross
87,Omaha
88,New Orleans
89,Newport Beach
90,Columbus
91,DeBary
92,Orlando
93,Salt Lake City
94,Dover
95,Orlando
96,Raleigh
97,Lewisville
98,Tampa
99,Chicago
100,Elgin
101,Rochester
102,Strongsville
103,Longwood
104,Frisco
105,Tampa
106,Orlando
107,Orlando
108,Philadelphia
109,Atlanta
110,New York
111,Philadelphia
112,Washington
113,Tampa
114,Orlando
115,Lake Ozark
116,Egg Harbor City
117,Sayville
118,New Hyde Park
119,West Hartford
120,Flint
121,Springdale
122,Bulls Gap
123,Irving
124,Winter Park
125,Jersey City
126,Medley
127,Championsgate
128,Casselberry
129,Plano
130,Las Vegas
131,Seattle
132,Orlando
133,Los Angeles
134,Casselberry
135,Boca Raton
136,Milwaukee
137,New York
138,New York
139,Philadelphia
140,Orlando
141,Fairfax
142,Frisco
143,Orlando
144,Palo Alto
145,Indianapolis
146,Falls Church
148,Lincoln
149,New York
151,Lake Mary
152,Miami
153,Tampa
154,Orlando
155,Orlando
156,Wilmington
157,Winter Park
158,Juno Beach
159,Rochester
160,Huntington Park
161,Jacksonville
